{
    "javg": [
        -0.98296,
        0.12994,
        0.12994
    ],
    "jdelta": [
        0.49148,
        0.06497,
        0.06497
    ],
    "nrepeat": 50,
    "iseed": 3987187,
    "invtau": 0.05,
    "temp": 0.25
}